Condition,Description,FK_OrderID,FK_SupplierID,ProductID,ProductName,Price,Quantity
Used - Very Good,High-quality leather wallet,200796,500064,300000,Leather Wallet,2238.42,11
Refurbished,Durable hiking backpack,200546,500158,300001,Hiking Backpack,2578.15,12
Open Box,Noise-cancelling headphones,200748,500120,300002,Noise-Cancelling Headphones,608.81,15
Open Box,Soft cotton T-shirt,200099,500175,300003,Cotton T-Shirt,2883.09,19
Refurbished,Sleek stainless steel water bottle,200230,500215,300004,Stainless Steel Water Bottle,2847.57,10
Used - Very Good,Compact Bluetooth speaker,200567,500270,300005,Bluetooth Speaker,2008.06,5
New,Lightweight travel suitcase,200438,500055,300006,Travel Suitcase,2060.86,17
Used - Good,Premium organic coffee beans,200629,500104,300007,Organic Coffee Beans,1783.76,7
Certified Refurbished,Comfortable memory foam pillow,200537,500119,300008,Memory Foam Pillow,1317.47,2
Open Box,Stylish wooden sunglasses,200762,500277,300009,Wooden Sunglasses,421.92,5
Pre-Owned,Portable power bank,200524,500023,300010,Portable Power Bank,2258.55,20
Used - Like New,Ultra-soft bath towel,200164,500060,300011,Bath Towel,2862.31,4
Used - Acceptable,Elegant ceramic vase,200220,500228,300012,Ceramic Vase,1244.69,17
Refurbished,Adjustable laptop stand,200458,500154,300013,Laptop Stand,170.71,8
Refurbished,Versatile chef’s knife,200142,500173,300014,Chef’s Knife,2071.91,5
Used - Very Good,Compact digital camera,200140,500220,300015,Digital Camera,32.56,7
Used - Very Good,Durable stainless steel frying pan,200620,500018,300016,Stainless Steel Frying Pan,870.17,4
Used - Very Good,Eco-friendly bamboo toothbrush,200422,500178,300017,Bamboo Toothbrush,685.99,5
Open Box,High-performance gaming mouse,200314,500106,300018,Gaming Mouse,27.93,7
Used - Acceptable,Ergonomic office chair,200369,500155,300019,Office Chair,2438.19,2
Certified Refurbished,Luxurious silk bedsheets,200500,500281,300020,Silk Bedsheets,2449.65,2
New,Heavy-duty toolbox,200492,500129,300021,Toolbox,1706.48,1
Used - Good,Rechargeable LED flashlight,200479,500205,300022,LED Flashlight,441.09,2
Used - Acceptable,Modern minimalist watch,200595,500121,300023,Minimalist Watch,699.06,13
Refurbished,Wireless charging pad,200155,500244,300024,Wireless Charging Pad,1484.86,2
Open Box,Durable yoga mat,200209,500291,300025,Yoga Mat,2179.00,7
Used - Like New,Trendy canvas tote bag,200609,500248,300026,Canvas Tote Bag,1196.01,12
Pre-Owned,Waterproof fitness tracker,200254,500016,300027,Fitness Tracker,2474.87,7
Pre-Owned,High-speed external hard drive,200211,500279,300028,External Hard Drive,1969.16,11
Used - Acceptable,Elegant wine decanter,200026,500031,300029,Wine Decanter,1561.56,12
Used - Like New,Advanced electric toothbrush,200605,500230,300030,Electric Toothbrush,267.98,15
New,Energy-efficient LED bulb,200386,500167,300031,LED Bulb,276.50,8
Used - Acceptable,Double-walled coffee mug,200433,500179,300032,Coffee Mug,2635.61,4
Used - Very Good,Versatile air fryer,200334,500032,300033,Air Fryer,303.20,13
Pre-Owned,Adjustable dumbbells set,200596,500185,300034,Dumbbells,1335.38,9
Refurbished,Classic analog wristwatch,200783,500014,300035,Analog Watch,1059.81,17
Pre-Owned,Multi-functional survival knife,200316,500058,300036,Survival Knife,2999.58,16
Used - Acceptable,Convenient portable grill,200137,500292,300037,Portable Grill,2513.83,7
Used - Like New,Efficient vacuum cleaner,200476,500178,300038,Vacuum Cleaner,113.46,12
Used - Good,Compact first aid kit,200621,500003,300039,First Aid Kit,2009.32,6
Used - Acceptable,High-definition action camera,200016,500030,300040,Action Camera,2716.84,14
New,Comfortable running shoes,200241,500071,300041,Running Shoes,1851.51,4
Used - Like New,Foldable camping chair,200232,500260,300042,Camping Chair,915.93,5
Refurbished,Noise-isolating earbuds,200140,500236,300043,Noise-Isolating Earbuds,2184.80,16
Used - Good,Advanced smartwatch,200710,500102,300044,Smartwatch,2099.06,7
Used - Like New,Stylish leather journal,200324,500195,300045,Leather Journal,1564.36,4
Certified Refurbished,Durable travel mug,200067,500270,300046,Travel Mug,1420.98,13
Refurbished,Soft plush throw blanket,200655,500045,300047,Plush Throw Blanket,1090.88,5
Used - Very Good,Elegant crystal chandelier,200785,500033,300048,Crystal Chandelier,2780.83,15
Certified Refurbished,Portable car jump starter,200602,500117,300049,Car Jump Starter,86.51,17
Used - Very Good,Heavy-duty garden hose,200424,500176,300050,Garden Hose,2738.71,2
Open Box,Adjustable desk lamp,200182,500170,300051,Desk Lamp,2746.58,15
Pre-Owned,Sophisticated perfume set,200120,500031,300052,Perfume Set,2826.19,5
Used - Very Good,Waterproof phone case,200796,500157,300053,Phone Case,1698.78,16
Used - Very Good,Ergonomic bike seat,200047,500118,300054,Bike Seat,2130.54,11
Refurbished,Minimalist wall clock,200085,500221,300055,Wall Clock,2720.91,10
Certified Refurbished,Anti-theft laptop backpack,200059,500055,300056,Laptop Backpack,2152.66,10
Used - Very Good,Precision kitchen scale,200117,500038,300057,Kitchen Scale,2415.64,1
Open Box,Premium wireless earbuds,200164,500231,300058,Wireless Earbuds,1862.75,11
Used - Very Good,High-speed blender,200079,500039,300059,Blender,1049.71,1
Pre-Owned,Versatile toolset,200582,500213,300060,Toolset,2522.79,13
New,Multi-purpose folding table,200611,500296,300061,Folding Table,498.30,11
Used - Very Good,Adjustable standing desk,200110,500178,300062,Standing Desk,820.74,13
Used - Like New,Compact sewing machine,200781,500238,300063,Sewing Machine,1894.78,6
Used - Good,Advanced hair straightener,200734,500274,300064,Hair Straightener,968.86,1
New,Multi-functional printer,200785,500030,300065,Printer,1142.65,2
Certified Refurbished,Rechargeable hand warmer,200439,500037,300066,Hand Warmer,1152.82,4
Pre-Owned,Collapsible pet carrier,200203,500012,300067,Pet Carrier,313.31,7
Open Box,Digital kitchen timer,200119,500065,300068,Kitchen Timer,2427.02,5
Used - Good,Stainless steel kitchen tongs,200385,500138,300069,Kitchen Tongs,1461.95,13
Used - Good,Lightweight sleeping bag,200795,500242,300070,Sleeping Bag,814.37,10
Open Box,Premium cast iron skillet,200415,500037,300071,Cast Iron Skillet,2386.45,16
Refurbished,Durable cargo pants,200385,500140,300072,Cargo Pants,364.54,13
Used - Acceptable,Luxurious bathrobe,200532,500084,300073,Bathrobe,574.98,19
Pre-Owned,Travel-sized toiletries kit,200609,500062,300074,Toiletries Kit,564.33,3
Certified Refurbished,Heavy-duty bike lock,200393,500100,300075,Bike Lock,896.41,18
Used - Very Good,Portable camping stove,200041,500249,300076,Camping Stove,2561.19,1
New,Advanced car vacuum cleaner,200242,500046,300077,Car Vacuum,2787.43,9
Pre-Owned,Compact coffee grinder,200246,500041,300078,Coffee Grinder,2088.52,18
Refurbished,Elegant tea set,200479,500030,300079,Tea Set,757.72,17
Refurbished,Modern smartphone stand,200746,500193,300080,Smartphone Stand,1507.01,1
Used - Acceptable,Reusable food storage bags,200581,500270,300081,Food Storage Bags,2017.53,1
Refurbished,Premium quality umbrella,200546,500199,300082,Umbrella,2930.62,14
New,Ultra-light hiking tent,200226,500287,300083,Hiking Tent,2186.09,3
Used - Good,Stylish beach hat,200389,500024,300084,Beach Hat,437.85,19
Open Box,Durable work gloves,200471,500167,300085,Work Gloves,298.12,15
Certified Refurbished,Advanced video doorbell,200066,500297,300086,Video Doorbell,2677.42,15
Pre-Owned,Space-saving shoe organizer,200647,500150,300087,Shoe Organizer,1049.43,4
Used - Like New,Portable electric kettle,200799,500086,300088,Electric Kettle,2261.28,9
Used - Good,Soft sherpa fleece blanket,200745,500234,300089,Sherpa Fleece Blanket,2247.44,18
Used - Good,Sophisticated whiskey glasses,200327,500047,300090,Whiskey Glasses,194.07,5
Used - Good,Eco-friendly reusable straws,200371,500289,300091,Reusable Straws,2297.34,4
Pre-Owned,Lightweight portable hammock,200487,500095,300092,Portable Hammock,413.56,3
Used - Acceptable,Minimalist desk organizer,200555,500071,300093,Desk Organizer,404.47,5
Used - Like New,Advanced robotic vacuum,200109,500231,300094,Robotic Vacuum,1805.10,10
Used - Very Good,Sturdy wall-mounted shelf,200339,500062,300095,Wall Shelf,2056.55,3
Used - Very Good,Portable projector,200522,500051,300096,Portable Projector,1822.76,13
Refurbished,Soft travel neck pillow,200697,500287,300097,Travel Neck Pillow,1981.98,2
Used - Very Good,Foldable picnic blanket,200537,500023,300098,Picnic Blanket,2680.30,14
Used - Very Good,Digital meat thermometer,200167,500104,300099,Meat Thermometer,1346.15,16
Pre-Owned,Rechargeable book light,200044,500083,300100,Book Light,1797.10,8
Refurbished,Elegant leather handbag,200748,500132,300101,Leather Handbag,2062.60,2
New,Durable hiking boots,200409,500127,300102,Hiking Boots,1100.29,3
Pre-Owned,Comfortable wool socks,200479,500117,300103,Wool Socks,742.50,1
Certified Refurbished,Stylish denim jacket,200015,500188,300104,Denim Jacket,2988.95,12
Used - Good,Compact photo printer,200630,500205,300105,Photo Printer,622.93,18
Used - Good,Adjustable resistance bands,200037,500187,300106,Resistance Bands,1969.49,19
Pre-Owned,Premium cotton duvet cover,200703,500217,300107,Cotton Duvet Cover,1217.24,19
Refurbished,Versatile multi-tool,200278,500121,300108,Multi-Tool,1592.61,20
Used - Acceptable,Modern floor lamp,200627,500289,300109,Floor Lamp,2944.60,10
Pre-Owned,Luxurious cashmere scarf,200342,500291,300110,Cashmere Scarf,375.56,6
Used - Acceptable,Portable espresso machine,200618,500056,300111,Espresso Machine,2380.70,6
Used - Like New,Waterproof action camera,200629,500293,300112,Action Camera,1974.23,17
New,Compact air purifier,200193,500258,300113,Air Purifier,403.37,11
Open Box,Durable bike helmet,200647,500197,300114,Bike Helmet,1337.13,13
Used - Good,Soft bamboo sheets,200554,500054,300115,Bamboo Sheets,699.83,16
Open Box,High-performance gym bag,200544,500173,300116,Gym Bag,980.26,17
Refurbished,Advanced hair dryer,200249,500136,300117,Hair Dryer,824.40,8
Open Box,Energy-efficient space heater,200378,500238,300118,Space Heater,676.16,11
Refurbished,Sophisticated cocktail shaker,200248,500286,300119,Cocktail Shaker,339.21,7
Pre-Owned,Eco-friendly laundry detergent,200419,500218,300120,Laundry Detergent,338.80,4
Used - Acceptable,Durable BBQ grill cover,200040,500270,300121,BBQ Grill Cover,206.54,13
Open Box,Compact spice rack,200135,500142,300122,Spice Rack,107.54,3
Used - Acceptable,Stylish patio furniture,200159,500178,300123,Patio Furniture,2959.63,2
Open Box,Premium soundbar speaker,200132,500277,300124,Soundbar,1788.92,18
New,Advanced pet grooming kit,200059,500116,300125,Pet Grooming Kit,1622.17,6
Used - Good,High-quality baby stroller,200518,500060,300126,Baby Stroller,28.30,17
Refurbished,Elegant dining table set,200687,500007,300127,Dining Table Set,447.03,11
Used - Like New,Soft organic baby blanket,200383,500006,300128,Baby Blanket,539.47,9
Used - Like New,Lightweight power drill,200662,500043,300129,Power Drill,2322.56,4
Pre-Owned,Heavy-duty dog leash,200620,500162,300130,Dog Leash,879.24,11
New,Minimalist table clock,200472,500209,300131,Table Clock,1994.28,15
Open Box,Advanced gaming keyboard,200557,500148,300132,Gaming Keyboard,1121.25,5
Used - Acceptable,Foldable treadmill,200147,500183,300133,Treadmill,431.57,15
New,Multi-functional waffle maker,200036,500005,300134,Waffle Maker,1634.23,19
Used - Acceptable,Premium travel pillow,200692,500006,300135,Travel Pillow,453.68,19
New,Durable outdoor jacket,200465,500157,300136,Outdoor Jacket,2176.34,18
Used - Acceptable,Adjustable TV wall mount,200758,500205,300137,TV Wall Mount,2920.13,6
Refurbished,Waterproof travel bag,200046,500133,300138,Travel Bag,2257.88,14
Open Box,High-speed internet router,200623,500264,300139,Internet Router,2745.78,1
Used - Acceptable,Space-saving closet organizer,200134,500248,300140,Closet Organizer,2313.23,11
Open Box,Advanced sewing kit,200072,500103,300141,Sewing Kit,1195.54,7
Pre-Owned,Modern ergonomic sofa,200118,500040,300142,Ergonomic Sofa,1757.46,18
Used - Good,Luxurious showerhead,200795,500086,300143,Showerhead,2728.85,1
Used - Like New,Durable cooler bag,200365,500070,300144,Cooler Bag,764.68,16
Used - Like New,Elegant bathroom mirror,200337,500180,300145,Bathroom Mirror,2585.40,6
Used - Like New,Premium leather briefcase,200093,500177,300146,Leather Briefcase,1862.91,8
Refurbished,Comfortable hiking sandals,200164,500238,300147,Hiking Sandals,2065.79,20
Open Box,Soft wool blanket,200668,500055,300148,Wool Blanket,2863.91,1
Used - Acceptable,Portable massage gun,200751,500068,300149,Massage Gun,968.32,16
Used - Good,Rechargeable lantern,200597,500156,300150,Lantern,574.18,1
Used - Very Good,Sophisticated wine opener,200792,500037,300151,Wine Opener,885.72,13
New,Adjustable book stand,200342,500036,300152,Book Stand,1430.90,4
Refurbished,Premium stainless steel straws,200557,500183,300153,Stainless Steel Straws,137.06,13
New,Lightweight trekking poles,200296,500274,300154,Trekking Poles,328.04,12
New,Versatile garment steamer,200194,500281,300155,Garment Steamer,1921.49,7
Refurbished,High-quality bread machine,200721,500130,300156,Bread Machine,847.45,9
Pre-Owned,Durable camping table,200207,500039,300157,Camping Table,710.55,4
Used - Acceptable,Elegant table lamp,200362,500173,300158,Table Lamp,2099.90,12
Used - Very Good,Portable laptop desk,200176,500004,300159,Laptop Desk,2511.07,3
Used - Very Good,Premium pet bed,200533,500206,300160,Pet Bed,1183.80,1
Used - Acceptable,Soft weighted blanket,200256,500011,300161,Weighted Blanket,1107.93,9
Used - Acceptable,Compact portable fan,200588,500222,300162,Portable Fan,20.80,5
Refurbished,Waterproof Bluetooth speaker,200771,500100,300163,Bluetooth Speaker,426.04,16
Open Box,Energy-efficient air conditioner,200796,500050,300164,Air Conditioner,1423.92,4
Used - Acceptable,Minimalist bedside table,200755,500269,300165,Bedside Table,788.04,6
Certified Refurbished,Adjustable bed frame,200575,500174,300166,Bed Frame,1308.96,5
Used - Very Good,Space-saving laundry basket,200739,500037,300167,Laundry Basket,1765.85,4
Certified Refurbished,Advanced power inverter,200674,500077,300168,Power Inverter,886.16,20
Open Box,Heavy-duty snow shovel,200050,500200,300169,Snow Shovel,1214.68,9
Open Box,Comfortable sleeping pad,200077,500008,300170,Sleeping Pad,397.65,2
New,Luxurious face moisturizer,200099,500192,300171,Face Moisturizer,2665.02,2
Used - Acceptable,Versatile folding bike,200530,500246,300172,Folding Bike,1769.83,20
Used - Good,High-quality juicer,200476,500093,300173,Juicer,1038.01,20
Certified Refurbished,Stylish leather phone case,200062,500253,300174,Phone Case,2196.08,13
Used - Like New,Compact makeup mirror,200509,500285,300175,Makeup Mirror,70.41,4
Used - Like New,Durable hiking backpack,200388,500204,300176,Hiking Backpack,1974.09,5
New,Lightweight garden pruner,200516,500255,300177,Garden Pruner,2624.74,6
Used - Very Good,Advanced home security camera,200746,500164,300178,Home Security Camera,686.46,7
Pre-Owned,Minimalist floating shelf,200608,500193,300179,Floating Shelf,2087.38,5
Used - Acceptable,Premium smart thermostat,200232,500136,300180,Smart Thermostat,670.32,20
Refurbished,Soft merino wool sweater,200237,500006,300181,Wool Sweater,2404.19,12
Refurbished,Portable induction cooktop,200586,500264,300182,Induction Cooktop,1277.84,16
Refurbished,Adjustable baby carrier,200530,500104,300183,Baby Carrier,2826.34,20
Used - Acceptable,Stylish leather belt,200392,500092,300184,Leather Belt,539.39,15
Used - Good,Rechargeable hand blender,200526,500067,300185,Hand Blender,1203.25,16
New,Durable running shoes,200446,500147,300186,Running Shoes,1729.02,4
Open Box,Waterproof camera case,200226,500146,300187,Camera Case,1589.36,19
Used - Acceptable,Elegant crystal wine glasses,200580,500121,300188,Crystal Wine Glasses,930.51,1
Used - Like New,Comfortable bean bag chair,200778,500210,300189,Bean Bag Chair,2053.34,1
Refurbished,Sophisticated dinnerware set,200303,500139,300190,Dinnerware Set,2972.28,19
Open Box,Compact tool organizer,200568,500116,300191,Tool Organizer,2463.16,4
Certified Refurbished,High-speed electric scooter,200427,500087,300192,Electric Scooter,1517.65,3
Pre-Owned,Advanced programmable coffee maker,200342,500170,300193,Coffee Maker,937.38,1
Refurbished,Premium glass storage containers,200023,500177,300194,Storage Containers,1062.02,3
Certified Refurbished,Lightweight travel backpack,200701,500205,300195,Travel Backpack,2642.66,15
New,Minimalist desktop clock,200528,500206,300196,Desktop Clock,298.83,3
Refurbished,Foldable yoga mat,200514,500024,300197,Yoga Mat,2149.18,1
Used - Very Good,Durable camping tent,200511,500023,300198,Camping Tent,2960.54,6
Open Box,Portable solar charger,200012,500243,300199,Solar Charger,1600.17,18
Open Box,Soft flannel sheets,200075,500046,300200,Flannel Sheets,1120.80,13
Used - Good,Adjustable shower caddy,200095,500122,300201,Shower Caddy,2578.08,13
Used - Very Good,Heavy-duty storage box,200187,500234,300202,Storage Box,2323.30,5
Certified Refurbished,Stylish wool fedora,200694,500167,300203,Wool Fedora,2998.03,20
Certified Refurbished,High-quality garden gloves,200648,500095,300204,Garden Gloves,388.14,15
Used - Acceptable,Eco-friendly compost bin,200193,500176,300205,Compost Bin,1802.96,2
Used - Acceptable,Elegant silver bracelet,200657,500219,300206,Silver Bracelet,1041.87,14
Pre-Owned,Portable handheld vacuum,200662,500156,300207,Handheld Vacuum,265.45,20
Certified Refurbished,Waterproof bike panniers,200013,500293,300208,Bike Panniers,372.83,15
New,Comfortable lounge chair,200685,500153,300209,Lounge Chair,871.33,18
Refurbished,Premium silk pillowcase,200381,500032,300210,Silk Pillowcase,192.83,13
Used - Like New,Compact air mattress,200116,500001,300211,Air Mattress,1643.14,5
Used - Good,Versatile camping lantern,200107,500299,300212,Camping Lantern,1424.26,18
Used - Like New,Advanced fitness tracker,200286,500122,300213,Fitness Tracker,2996.03,8
Used - Acceptable,Durable garden rake,200273,500124,300214,Garden Rake,2224.21,4
Used - Like New,Modern home theater system,200635,500203,300215,Home Theater System,2933.06,1
Used - Like New,Lightweight utility cart,200428,500175,300216,Utility Cart,1504.67,14
Open Box,Adjustable pet gate,200630,500103,300217,Pet Gate,1769.56,16
Pre-Owned,Elegant pearl necklace,200232,500073,300218,Pearl Necklace,895.82,13
New,High-speed USB hub,200355,500078,300219,USB Hub,2565.42,4
Pre-Owned,Premium Bluetooth soundbar,200638,500147,300220,Bluetooth Soundbar,2718.81,12
Used - Acceptable,Stylish leather gloves,200472,500016,300221,Leather Gloves,603.18,14
Open Box,Heavy-duty extension cord,200634,500059,300222,Extension Cord,2378.40,14
New,Portable picnic cooler,200135,500240,300223,Picnic Cooler,626.18,16
Certified Refurbished,Sophisticated travel wallet,200531,500103,300224,Travel Wallet,2928.58,14
New,Lightweight stroller,200031,500123,300225,Stroller,807.85,10
Used - Acceptable,Durable pet playpen,200647,500024,300226,Pet Playpen,329.79,20
Used - Very Good,Compact tool belt,200512,500062,300227,Tool Belt,1666.73,13
Used - Acceptable,Luxurious facial cleanser,200218,500242,300228,Facial Cleanser,2320.93,11
Pre-Owned,Waterproof hiking shoes,200724,500264,300229,Hiking Shoes,813.16,11
Used - Like New,Space-saving drying rack,200681,500255,300230,Drying Rack,1051.57,11
New,Advanced smart door lock,200584,500267,300231,Smart Door Lock,2994.99,20
Used - Acceptable,Soft hypoallergenic comforter,200625,500227,300232,Comforter,2859.28,3
Used - Very Good,Portable water filter,200082,500018,300233,Water Filter,1764.62,12
Open Box,High-quality dog bed,200317,500179,300234,Dog Bed,733.61,5
Certified Refurbished,Modern cordless vacuum,200013,500285,300235,Cordless Vacuum,1202.43,3
New,Comfortable walking shoes,200007,500270,300236,Walking Shoes,561.43,9
Pre-Owned,Elegant copper cookware,200242,500294,300237,Copper Cookware,2955.54,19
Pre-Owned,Minimalist photo frame,200691,500232,300238,Photo Frame,611.29,10
Used - Very Good,Durable weatherproof jacket,200396,500259,300239,Weatherproof Jacket,2721.50,8
Used - Like New,Versatile multi-cooker,200759,500280,300240,Multi-Cooker,453.98,20
Open Box,Adjustable dumbbell set,200062,500212,300241,Dumbbell Set,2410.37,13
Used - Very Good,Premium herbal tea sampler,200529,500056,300242,Herbal Tea Sampler,1051.05,8
New,Stylish ceramic flower pot,200772,500169,300243,Ceramic Flower Pot,294.08,12
Used - Acceptable,Compact gaming monitor,200323,500161,300244,Gaming Monitor,126.80,12
Certified Refurbished,Lightweight workout leggings,200400,500117,300245,Workout Leggings,1831.70,12
Certified Refurbished,Foldable laundry hamper,200311,500133,300246,Laundry Hamper,3.38,5
Used - Like New,Advanced gaming headset,200528,500008,300247,Gaming Headset,1754.98,6
Used - Like New,Heavy-duty pressure washer,200670,500031,300248,Pressure Washer,1336.84,4
Pre-Owned,Comfortable armchair,200298,500134,300249,Armchair,1307.17,8
Used - Good,Sophisticated home decor set,200180,500118,300250,Home Decor Set,135.74,18
Used - Like New,Portable air compressor,200253,500245,300251,Air Compressor,1250.11,16
New,Premium hot sauce collection,200372,500251,300252,Hot Sauce Collection,1743.69,3
Certified Refurbished,Durable bike repair kit,200509,500209,300253,Bike Repair Kit,2666.78,17
Used - Acceptable,Modern digital picture frame,200397,500026,300254,Digital Picture Frame,1818.07,5
Refurbished,Waterproof dry bag,200076,500068,300255,Dry Bag,2105.65,16
Used - Like New,High-speed travel charger,200103,500233,300256,Travel Charger,2704.61,5
Used - Good,Minimalist bedside organizer,200783,500226,300257,Bedside Organizer,953.97,10
Used - Like New,Lightweight portable canopy,200090,500165,300258,Portable Canopy,205.95,19
Used - Very Good,Adjustable storage shelving,200588,500064,300259,Storage Shelving,2461.41,18
Used - Like New,Eco-friendly glass water bottle,200242,500018,300260,Glass Water Bottle,951.59,16
Used - Acceptable,Sophisticated cocktail mixer,200036,500050,300261,Cocktail Mixer,1968.86,4
Used - Like New,Compact shoe rack,200543,500104,300262,Shoe Rack,2155.39,10
Pre-Owned,Heavy-duty power washer,200455,500089,300263,Power Washer,1179.63,14
Certified Refurbished,Durable garden kneeler,200666,500050,300264,Garden Kneeler,1143.03,9
Used - Acceptable,Stylish winter coat,200526,500084,300265,Winter Coat,1298.29,9
Certified Refurbished,High-quality leather wallet,200339,500260,300266,Leather Wallet,752.14,3
Used - Very Good,Durable hiking backpack,200261,500211,300267,Hiking Backpack,1171.08,6
New,Noise-cancelling headphones,200241,500115,300268,Noise-Cancelling Headphones,345.00,4
Used - Acceptable,Soft cotton T-shirt,200613,500284,300269,Cotton T-Shirt,2289.76,7
Pre-Owned,Sleek stainless steel water bottle,200678,500233,300270,Stainless Steel Water Bottle,1049.08,11
Certified Refurbished,Compact Bluetooth speaker,200764,500139,300271,Bluetooth Speaker,2606.30,6
Used - Like New,Lightweight travel suitcase,200462,500012,300272,Travel Suitcase,1722.44,12
New,Premium organic coffee beans,200521,500008,300273,Organic Coffee Beans,2841.65,2
Used - Like New,Comfortable memory foam pillow,200426,500223,300274,Memory Foam Pillow,2610.18,13
New,Stylish wooden sunglasses,200696,500270,300275,Wooden Sunglasses,947.88,9
Certified Refurbished,Portable power bank,200333,500153,300276,Portable Power Bank,743.78,5
Open Box,Ultra-soft bath towel,200215,500071,300277,Bath Towel,2588.41,11
New,Elegant ceramic vase,200003,500214,300278,Ceramic Vase,945.52,10
Used - Very Good,Adjustable laptop stand,200268,500228,300279,Laptop Stand,2950.14,12
Refurbished,Versatile chef’s knife,200753,500057,300280,Chef’s Knife,2596.78,7
Used - Like New,Compact digital camera,200514,500184,300281,Digital Camera,2882.66,14
Refurbished,Durable stainless steel frying pan,200379,500246,300282,Stainless Steel Frying Pan,316.14,2
Refurbished,Eco-friendly bamboo toothbrush,200428,500069,300283,Bamboo Toothbrush,1657.81,13
Certified Refurbished,High-performance gaming mouse,200614,500118,300284,Gaming Mouse,2578.19,5
Used - Good,Ergonomic office chair,200103,500115,300285,Office Chair,712.64,14
Used - Good,Luxurious silk bedsheets,200767,500007,300286,Silk Bedsheets,2310.03,10
Used - Very Good,Heavy-duty toolbox,200541,500289,300287,Toolbox,45.14,5
Certified Refurbished,Rechargeable LED flashlight,200084,500151,300288,LED Flashlight,636.94,4
New,Modern minimalist watch,200703,500294,300289,Minimalist Watch,300.73,14
Used - Good,Wireless charging pad,200037,500236,300290,Wireless Charging Pad,977.76,12
Used - Good,Durable yoga mat,200102,500089,300291,Yoga Mat,187.15,15
Refurbished,Trendy canvas tote bag,200213,500252,300292,Canvas Tote Bag,1407.01,20
Refurbished,Waterproof fitness tracker,200512,500156,300293,Fitness Tracker,2561.41,8
Used - Like New,High-speed external hard drive,200399,500084,300294,External Hard Drive,1508.73,14
Used - Very Good,Elegant wine decanter,200618,500282,300295,Wine Decanter,1574.90,14
New,Advanced electric toothbrush,200077,500264,300296,Electric Toothbrush,864.97,4
Used - Very Good,Energy-efficient LED bulb,200381,500285,300297,LED Bulb,2445.79,1
New,Double-walled coffee mug,200230,500270,300298,Coffee Mug,696.60,2
Certified Refurbished,Versatile air fryer,200776,500015,300299,Air Fryer,644.12,20
Open Box,Adjustable dumbbells set,200580,500027,300300,Dumbbells,197.98,10
Used - Very Good,Classic analog wristwatch,200648,500282,300301,Analog Watch,404.40,17
Used - Like New,Multi-functional survival knife,200660,500059,300302,Survival Knife,1724.72,9
Certified Refurbished,Convenient portable grill,200327,500047,300303,Portable Grill,2736.31,2
Used - Very Good,Efficient vacuum cleaner,200276,500097,300304,Vacuum Cleaner,2902.86,4
New,Compact first aid kit,200095,500299,300305,First Aid Kit,838.85,11
Refurbished,High-definition action camera,200035,500118,300306,Action Camera,2862.49,2
Pre-Owned,Comfortable running shoes,200602,500255,300307,Running Shoes,510.11,20
Used - Like New,Foldable camping chair,200499,500256,300308,Camping Chair,2947.88,13
Refurbished,Noise-isolating earbuds,200415,500026,300309,Noise-Isolating Earbuds,1794.41,2
Used - Acceptable,Advanced smartwatch,200584,500041,300310,Smartwatch,2597.75,2
Used - Like New,Stylish leather journal,200651,500072,300311,Leather Journal,572.29,2
Used - Very Good,Durable travel mug,200673,500027,300312,Travel Mug,1852.19,20
Used - Like New,Soft plush throw blanket,200251,500014,300313,Plush Throw Blanket,2466.84,5
Open Box,Elegant crystal chandelier,200129,500168,300314,Crystal Chandelier,2743.93,6
Used - Very Good,Portable car jump starter,200268,500155,300315,Car Jump Starter,747.41,4
Used - Acceptable,Heavy-duty garden hose,200195,500159,300316,Garden Hose,700.27,20
Used - Very Good,Adjustable desk lamp,200365,500029,300317,Desk Lamp,2178.13,13
Used - Very Good,Sophisticated perfume set,200308,500147,300318,Perfume Set,1342.74,20
Used - Acceptable,Waterproof phone case,200322,500114,300319,Phone Case,237.37,5
Refurbished,Ergonomic bike seat,200365,500144,300320,Bike Seat,1945.74,16
Used - Acceptable,Minimalist wall clock,200114,500258,300321,Wall Clock,2277.44,12
Used - Acceptable,Anti-theft laptop backpack,200738,500168,300322,Laptop Backpack,140.52,6
Pre-Owned,Precision kitchen scale,200701,500126,300323,Kitchen Scale,2371.56,20
Open Box,Premium wireless earbuds,200643,500222,300324,Wireless Earbuds,1789.22,19
Certified Refurbished,High-speed blender,200535,500136,300325,Blender,1983.91,20
Used - Very Good,Versatile toolset,200709,500113,300326,Toolset,2821.30,16
Pre-Owned,Multi-purpose folding table,200004,500028,300327,Folding Table,1173.01,11
Used - Acceptable,Adjustable standing desk,200426,500086,300328,Standing Desk,1012.06,20
Certified Refurbished,Compact sewing machine,200147,500297,300329,Sewing Machine,981.41,3
Certified Refurbished,Advanced hair straightener,200242,500006,300330,Hair Straightener,803.35,9
Pre-Owned,Multi-functional printer,200560,500271,300331,Printer,984.10,18
Refurbished,Rechargeable hand warmer,200123,500010,300332,Hand Warmer,1275.30,12
Used - Good,Collapsible pet carrier,200596,500259,300333,Pet Carrier,1258.31,12
Used - Good,Digital kitchen timer,200350,500052,300334,Kitchen Timer,481.16,2
Pre-Owned,Stainless steel kitchen tongs,200315,500162,300335,Kitchen Tongs,452.31,7
Used - Acceptable,Lightweight sleeping bag,200154,500147,300336,Sleeping Bag,2639.61,15
Used - Like New,Premium cast iron skillet,200681,500155,300337,Cast Iron Skillet,1115.22,13
Open Box,Durable cargo pants,200092,500242,300338,Cargo Pants,2344.76,20
Certified Refurbished,Luxurious bathrobe,200112,500160,300339,Bathrobe,2989.72,4
Used - Like New,Travel-sized toiletries kit,200447,500204,300340,Toiletries Kit,1558.31,18
Used - Like New,Heavy-duty bike lock,200058,500172,300341,Bike Lock,1999.68,12
Pre-Owned,Portable camping stove,200455,500026,300342,Camping Stove,644.71,3
Certified Refurbished,Advanced car vacuum cleaner,200530,500040,300343,Car Vacuum,1956.12,17
Used - Like New,Compact coffee grinder,200631,500060,300344,Coffee Grinder,1256.11,18
Refurbished,Elegant tea set,200372,500242,300345,Tea Set,2383.46,3
Used - Very Good,Modern smartphone stand,200005,500229,300346,Smartphone Stand,2495.73,10
Refurbished,Reusable food storage bags,200122,500146,300347,Food Storage Bags,1053.32,5
Certified Refurbished,Premium quality umbrella,200341,500128,300348,Umbrella,1735.28,12
New,Ultra-light hiking tent,200024,500256,300349,Hiking Tent,129.03,1
Used - Very Good,Stylish beach hat,200439,500154,300350,Beach Hat,2568.32,18
Used - Good,Durable work gloves,200022,500155,300351,Work Gloves,1504.88,7
Used - Very Good,Advanced video doorbell,200044,500143,300352,Video Doorbell,1177.98,15
Used - Like New,Space-saving shoe organizer,200479,500226,300353,Shoe Organizer,243.12,8
New,Portable electric kettle,200162,500090,300354,Electric Kettle,2988.31,20
Certified Refurbished,Soft sherpa fleece blanket,200585,500029,300355,Sherpa Fleece Blanket,2926.80,4
Used - Like New,Sophisticated whiskey glasses,200060,500288,300356,Whiskey Glasses,282.85,11
Used - Good,Eco-friendly reusable straws,200795,500112,300357,Reusable Straws,2423.89,20
Certified Refurbished,Lightweight portable hammock,200530,500045,300358,Portable Hammock,580.58,9
New,Minimalist desk organizer,200723,500207,300359,Desk Organizer,365.82,8
Pre-Owned,Advanced robotic vacuum,200496,500021,300360,Robotic Vacuum,857.83,8
New,Sturdy wall-mounted shelf,200690,500094,300361,Wall Shelf,456.67,10
Used - Very Good,Portable projector,200678,500016,300362,Portable Projector,318.80,10
New,Soft travel neck pillow,200252,500142,300363,Travel Neck Pillow,1070.12,3
Open Box,Foldable picnic blanket,200117,500277,300364,Picnic Blanket,1303.85,13
Pre-Owned,Digital meat thermometer,200502,500272,300365,Meat Thermometer,864.60,19
Used - Good,Rechargeable book light,200149,500074,300366,Book Light,741.25,20
Open Box,Elegant leather handbag,200274,500065,300367,Leather Handbag,2501.50,3
Used - Very Good,Durable hiking boots,200767,500038,300368,Hiking Boots,2113.93,11
Refurbished,Comfortable wool socks,200144,500183,300369,Wool Socks,2814.98,20
New,Stylish denim jacket,200273,500194,300370,Denim Jacket,1099.75,7
Used - Good,Compact photo printer,200709,500008,300371,Photo Printer,2074.98,9
Used - Very Good,Adjustable resistance bands,200528,500136,300372,Resistance Bands,2703.23,11
Open Box,Premium cotton duvet cover,200375,500187,300373,Cotton Duvet Cover,1064.03,4
Certified Refurbished,Versatile multi-tool,200056,500167,300374,Multi-Tool,1370.19,3
Open Box,Modern floor lamp,200599,500147,300375,Floor Lamp,2397.02,1
Used - Acceptable,Luxurious cashmere scarf,200571,500027,300376,Cashmere Scarf,830.51,2
Used - Very Good,Portable espresso machine,200697,500055,300377,Espresso Machine,2736.83,16
New,Waterproof action camera,200615,500024,300378,Action Camera,1051.59,14
Open Box,Compact air purifier,200284,500285,300379,Air Purifier,1058.72,1
New,Durable bike helmet,200476,500285,300380,Bike Helmet,518.72,19
Used - Acceptable,Soft bamboo sheets,200035,500218,300381,Bamboo Sheets,2728.96,18
Pre-Owned,High-performance gym bag,200220,500288,300382,Gym Bag,2797.45,8
Used - Very Good,Advanced hair dryer,200373,500276,300383,Hair Dryer,1731.05,18
New,Energy-efficient space heater,200247,500073,300384,Space Heater,1490.39,13
Used - Good,Sophisticated cocktail shaker,200049,500217,300385,Cocktail Shaker,1505.15,20
New,Eco-friendly laundry detergent,200546,500103,300386,Laundry Detergent,1669.62,9
Used - Good,Durable BBQ grill cover,200147,500132,300387,BBQ Grill Cover,428.49,5
Used - Very Good,Compact spice rack,200418,500126,300388,Spice Rack,2843.07,16
Refurbished,Stylish patio furniture,200048,500078,300389,Patio Furniture,2969.12,5
Pre-Owned,Premium soundbar speaker,200238,500093,300390,Soundbar,1143.67,18
Used - Good,Advanced pet grooming kit,200776,500064,300391,Pet Grooming Kit,1597.46,7
Open Box,High-quality baby stroller,200051,500146,300392,Baby Stroller,53.44,6
Used - Very Good,Elegant dining table set,200015,500122,300393,Dining Table Set,227.01,8
Certified Refurbished,Soft organic baby blanket,200500,500294,300394,Baby Blanket,1444.44,9
Pre-Owned,Lightweight power drill,200381,500295,300395,Power Drill,493.87,16
Refurbished,Heavy-duty dog leash,200518,500023,300396,Dog Leash,596.35,9
Refurbished,Minimalist table clock,200680,500291,300397,Table Clock,2503.10,6
Open Box,Advanced gaming keyboard,200516,500125,300398,Gaming Keyboard,2063.19,13
Certified Refurbished,Foldable treadmill,200189,500035,300399,Treadmill,725.85,2
Used - Like New,Multi-functional waffle maker,200612,500087,300400,Waffle Maker,1878.83,18
Used - Acceptable,Premium travel pillow,200619,500156,300401,Travel Pillow,895.16,6
Certified Refurbished,Durable outdoor jacket,200053,500200,300402,Outdoor Jacket,1388.55,19
New,Adjustable TV wall mount,200136,500205,300403,TV Wall Mount,931.25,13
Certified Refurbished,Waterproof travel bag,200686,500228,300404,Travel Bag,1989.41,15
Used - Good,High-speed internet router,200495,500011,300405,Internet Router,1916.76,17
Open Box,Space-saving closet organizer,200115,500029,300406,Closet Organizer,1053.71,16
Used - Acceptable,Advanced sewing kit,200242,500114,300407,Sewing Kit,2868.33,7
Used - Good,Modern ergonomic sofa,200560,500218,300408,Ergonomic Sofa,1088.88,18
Refurbished,Luxurious showerhead,200109,500219,300409,Showerhead,2194.10,4
Open Box,Durable cooler bag,200334,500241,300410,Cooler Bag,1006.80,15
Certified Refurbished,Elegant bathroom mirror,200008,500225,300411,Bathroom Mirror,1216.67,8
Used - Like New,Premium leather briefcase,200192,500116,300412,Leather Briefcase,1123.93,5
Open Box,Comfortable hiking sandals,200029,500109,300413,Hiking Sandals,2419.26,17
Used - Acceptable,Soft wool blanket,200263,500039,300414,Wool Blanket,2059.19,18
Used - Acceptable,Portable massage gun,200371,500199,300415,Massage Gun,912.51,17
Used - Good,Rechargeable lantern,200677,500286,300416,Lantern,2623.65,5
Used - Like New,Sophisticated wine opener,200288,500107,300417,Wine Opener,624.55,7
Used - Good,Adjustable book stand,200272,500284,300418,Book Stand,743.82,3
Used - Good,Premium stainless steel straws,200139,500139,300419,Stainless Steel Straws,1576.08,15
Used - Acceptable,Lightweight trekking poles,200538,500053,300420,Trekking Poles,2638.26,1
Certified Refurbished,Versatile garment steamer,200223,500017,300421,Garment Steamer,2235.91,14
Used - Good,High-quality bread machine,200290,500239,300422,Bread Machine,1202.65,3
Used - Very Good,Durable camping table,200339,500103,300423,Camping Table,1597.73,8
Used - Good,Elegant table lamp,200180,500228,300424,Table Lamp,1552.95,5
Pre-Owned,Portable laptop desk,200268,500000,300425,Laptop Desk,638.05,18
Used - Like New,Premium pet bed,200643,500186,300426,Pet Bed,2951.83,15
Certified Refurbished,Soft weighted blanket,200069,500229,300427,Weighted Blanket,2694.18,2
Used - Very Good,Compact portable fan,200615,500004,300428,Portable Fan,323.60,15
Open Box,Waterproof Bluetooth speaker,200158,500186,300429,Bluetooth Speaker,2708.04,2
Pre-Owned,Energy-efficient air conditioner,200207,500003,300430,Air Conditioner,2893.44,3
Refurbished,Minimalist bedside table,200088,500191,300431,Bedside Table,126.19,20
Used - Acceptable,Adjustable bed frame,200043,500024,300432,Bed Frame,2842.91,2
Used - Like New,Space-saving laundry basket,200635,500224,300433,Laundry Basket,2877.77,17
New,Advanced power inverter,200627,500159,300434,Power Inverter,2640.94,4
Used - Acceptable,Heavy-duty snow shovel,200450,500018,300435,Snow Shovel,1249.77,2
Used - Very Good,Comfortable sleeping pad,200653,500190,300436,Sleeping Pad,1306.99,6
Open Box,Luxurious face moisturizer,200427,500201,300437,Face Moisturizer,309.07,17
Used - Like New,Versatile folding bike,200510,500244,300438,Folding Bike,2537.86,20
New,High-quality juicer,200666,500030,300439,Juicer,964.10,5
Used - Very Good,Stylish leather phone case,200271,500261,300440,Phone Case,1544.77,18
Used - Like New,Compact makeup mirror,200709,500142,300441,Makeup Mirror,1104.23,18
Pre-Owned,Durable hiking backpack,200580,500199,300442,Hiking Backpack,2002.38,9
Used - Good,Lightweight garden pruner,200530,500203,300443,Garden Pruner,1743.73,17
Used - Acceptable,Advanced home security camera,200157,500202,300444,Home Security Camera,2170.30,1
New,Minimalist floating shelf,200111,500070,300445,Floating Shelf,2144.85,15
Pre-Owned,Premium smart thermostat,200020,500110,300446,Smart Thermostat,1437.64,6
Used - Very Good,Soft merino wool sweater,200739,500060,300447,Wool Sweater,412.71,18
Pre-Owned,Portable induction cooktop,200054,500007,300448,Induction Cooktop,2222.92,15
Used - Acceptable,Adjustable baby carrier,200502,500077,300449,Baby Carrier,509.14,7
Used - Good,Stylish leather belt,200059,500051,300450,Leather Belt,371.39,3
Used - Acceptable,Rechargeable hand blender,200018,500043,300451,Hand Blender,1934.56,2
Used - Acceptable,Durable running shoes,200502,500245,300452,Running Shoes,2398.27,11
New,Waterproof camera case,200297,500081,300453,Camera Case,2742.76,3
Used - Good,Elegant crystal wine glasses,200123,500091,300454,Crystal Wine Glasses,1945.61,14
New,Comfortable bean bag chair,200519,500151,300455,Bean Bag Chair,1408.41,16
Used - Good,Sophisticated dinnerware set,200728,500254,300456,Dinnerware Set,2321.56,4
Used - Acceptable,Compact tool organizer,200744,500105,300457,Tool Organizer,1247.41,14
Used - Like New,High-speed electric scooter,200130,500070,300458,Electric Scooter,1089.61,16
Pre-Owned,Advanced programmable coffee maker,200558,500017,300459,Coffee Maker,2938.80,6
New,Premium glass storage containers,200351,500285,300460,Storage Containers,305.57,1
Used - Acceptable,Lightweight travel backpack,200333,500012,300461,Travel Backpack,2460.08,7
Pre-Owned,Minimalist desktop clock,200256,500010,300462,Desktop Clock,2619.74,7
Used - Very Good,Foldable yoga mat,200643,500058,300463,Yoga Mat,1675.53,9
Used - Like New,Durable camping tent,200262,500185,300464,Camping Tent,2332.99,12
Pre-Owned,Portable solar charger,200147,500036,300465,Solar Charger,1931.40,19
Open Box,Soft flannel sheets,200130,500164,300466,Flannel Sheets,724.46,17
Used - Very Good,Adjustable shower caddy,200084,500256,300467,Shower Caddy,1368.34,16
New,Heavy-duty storage box,200652,500265,300468,Storage Box,2594.10,14
Open Box,Stylish wool fedora,200278,500162,300469,Wool Fedora,1161.92,16
Pre-Owned,High-quality garden gloves,200527,500106,300470,Garden Gloves,140.63,1
Used - Very Good,Eco-friendly compost bin,200213,500100,300471,Compost Bin,2974.40,17
Used - Like New,Elegant silver bracelet,200159,500198,300472,Silver Bracelet,1224.70,10
New,Portable handheld vacuum,200069,500057,300473,Handheld Vacuum,801.33,11
New,Waterproof bike panniers,200510,500238,300474,Bike Panniers,2873.63,9
Used - Like New,Comfortable lounge chair,200701,500112,300475,Lounge Chair,1392.04,15
Open Box,Premium silk pillowcase,200562,500268,300476,Silk Pillowcase,2066.04,20
Used - Like New,Compact air mattress,200589,500258,300477,Air Mattress,1988.57,13
Certified Refurbished,Versatile camping lantern,200678,500013,300478,Camping Lantern,1582.13,17
Used - Acceptable,Advanced fitness tracker,200796,500062,300479,Fitness Tracker,1187.68,17
Refurbished,Durable garden rake,200516,500198,300480,Garden Rake,1080.56,4
Certified Refurbished,Modern home theater system,200217,500213,300481,Home Theater System,1396.32,2
Certified Refurbished,Lightweight utility cart,200159,500068,300482,Utility Cart,2318.23,11
Used - Good,Adjustable pet gate,200622,500111,300483,Pet Gate,285.62,17
Used - Like New,Elegant pearl necklace,200252,500273,300484,Pearl Necklace,1944.97,2
New,High-speed USB hub,200241,500190,300485,USB Hub,1425.31,7
Certified Refurbished,Premium Bluetooth soundbar,200307,500002,300486,Bluetooth Soundbar,2008.29,15
Certified Refurbished,Stylish leather gloves,200558,500270,300487,Leather Gloves,53.83,9
Certified Refurbished,Heavy-duty extension cord,200739,500000,300488,Extension Cord,1245.77,19
New,Portable picnic cooler,200603,500214,300489,Picnic Cooler,1073.01,5
Refurbished,Sophisticated travel wallet,200627,500180,300490,Travel Wallet,1168.37,16
Used - Very Good,Lightweight stroller,200671,500019,300491,Stroller,1083.48,12
New,Durable pet playpen,200028,500272,300492,Pet Playpen,1098.10,15
Used - Good,Compact tool belt,200179,500282,300493,Tool Belt,1486.77,1
Used - Good,Luxurious facial cleanser,200168,500030,300494,Facial Cleanser,2584.64,9
Refurbished,Waterproof hiking shoes,200398,500171,300495,Hiking Shoes,2134.78,1
Used - Good,Space-saving drying rack,200261,500299,300496,Drying Rack,1019.06,4
Open Box,Advanced smart door lock,200661,500110,300497,Smart Door Lock,1143.14,5
Used - Very Good,Soft hypoallergenic comforter,200460,500098,300498,Comforter,2233.21,15
Used - Good,Portable water filter,200773,500036,300499,Water Filter,932.95,16
Open Box,High-quality dog bed,200534,500089,300500,Dog Bed,668.95,9
Pre-Owned,Modern cordless vacuum,200550,500232,300501,Cordless Vacuum,2753.49,13
Refurbished,Comfortable walking shoes,200157,500131,300502,Walking Shoes,185.99,14
Used - Like New,Elegant copper cookware,200588,500060,300503,Copper Cookware,2608.81,19
Open Box,Minimalist photo frame,200361,500233,300504,Photo Frame,832.13,2
New,Durable weatherproof jacket,200662,500169,300505,Weatherproof Jacket,864.92,16
Used - Good,Versatile multi-cooker,200291,500144,300506,Multi-Cooker,2710.89,9
Used - Very Good,Adjustable dumbbell set,200563,500074,300507,Dumbbell Set,2134.69,5
Used - Like New,Premium herbal tea sampler,200057,500097,300508,Herbal Tea Sampler,407.18,5
Refurbished,Stylish ceramic flower pot,200716,500030,300509,Ceramic Flower Pot,274.04,11
Used - Like New,Compact gaming monitor,200596,500007,300510,Gaming Monitor,4.33,6
Open Box,Lightweight workout leggings,200569,500239,300511,Workout Leggings,1243.78,13
Used - Very Good,Foldable laundry hamper,200299,500226,300512,Laundry Hamper,2119.91,17
Used - Acceptable,Advanced gaming headset,200720,500189,300513,Gaming Headset,1677.87,14
Refurbished,Heavy-duty pressure washer,200763,500292,300514,Pressure Washer,2899.39,3
New,Comfortable armchair,200403,500152,300515,Armchair,1225.08,4
Open Box,Sophisticated home decor set,200354,500119,300516,Home Decor Set,433.35,9
Pre-Owned,Portable air compressor,200228,500027,300517,Air Compressor,2455.74,6
Certified Refurbished,Premium hot sauce collection,200287,500100,300518,Hot Sauce Collection,2494.69,5
New,Durable bike repair kit,200510,500165,300519,Bike Repair Kit,2717.53,18
Open Box,Modern digital picture frame,200454,500003,300520,Digital Picture Frame,1850.72,20
Used - Good,Waterproof dry bag,200747,500226,300521,Dry Bag,586.83,5
Open Box,High-speed travel charger,200143,500146,300522,Travel Charger,2595.96,18
Used - Good,Minimalist bedside organizer,200720,500267,300523,Bedside Organizer,722.14,8
Refurbished,Lightweight portable canopy,200522,500098,300524,Portable Canopy,2440.26,12
Used - Good,Adjustable storage shelving,200594,500048,300525,Storage Shelving,1383.78,18
Certified Refurbished,Eco-friendly glass water bottle,200138,500156,300526,Glass Water Bottle,161.16,10
Pre-Owned,Sophisticated cocktail mixer,200702,500095,300527,Cocktail Mixer,431.13,8
Pre-Owned,Compact shoe rack,200443,500087,300528,Shoe Rack,2971.75,17
Used - Like New,Heavy-duty power washer,200371,500088,300529,Power Washer,1968.46,16
Open Box,Durable garden kneeler,200431,500177,300530,Garden Kneeler,910.98,3
Certified Refurbished,Stylish winter coat,200459,500173,300531,Winter Coat,168.31,4
New,High-quality leather wallet,200104,500050,300532,Leather Wallet,2257.37,9
Refurbished,Durable hiking backpack,200669,500243,300533,Hiking Backpack,1876.94,17
Used - Acceptable,Noise-cancelling headphones,200361,500026,300534,Noise-Cancelling Headphones,58.26,5
Open Box,Soft cotton T-shirt,200557,500053,300535,Cotton T-Shirt,921.68,13
New,Sleek stainless steel water bottle,200336,500159,300536,Stainless Steel Water Bottle,828.77,10
Refurbished,Compact Bluetooth speaker,200691,500028,300537,Bluetooth Speaker,1348.56,5
Used - Very Good,Lightweight travel suitcase,200523,500065,300538,Travel Suitcase,1795.21,4
Pre-Owned,Premium organic coffee beans,200607,500227,300539,Organic Coffee Beans,1614.99,14
Pre-Owned,Comfortable memory foam pillow,200196,500209,300540,Memory Foam Pillow,471.16,20
Pre-Owned,Stylish wooden sunglasses,200159,500151,300541,Wooden Sunglasses,1703.25,8
Refurbished,Portable power bank,200514,500127,300542,Portable Power Bank,2449.32,2
Certified Refurbished,Ultra-soft bath towel,200675,500081,300543,Bath Towel,1740.59,13
New,Elegant ceramic vase,200445,500255,300544,Ceramic Vase,1415.43,17
Used - Good,Adjustable laptop stand,200648,500194,300545,Laptop Stand,1999.98,4
Pre-Owned,Versatile chef’s knife,200581,500140,300546,Chef’s Knife,1256.99,18
Used - Very Good,Compact digital camera,200432,500207,300547,Digital Camera,1010.73,6
Used - Like New,Durable stainless steel frying pan,200344,500002,300548,Stainless Steel Frying Pan,33.41,13
Used - Acceptable,Eco-friendly bamboo toothbrush,200193,500119,300549,Bamboo Toothbrush,1969.63,17
New,High-performance gaming mouse,200601,500161,300550,Gaming Mouse,2922.56,2
Used - Acceptable,Ergonomic office chair,200261,500296,300551,Office Chair,1990.61,9
Used - Like New,Luxurious silk bedsheets,200250,500095,300552,Silk Bedsheets,2373.66,1
Used - Like New,Heavy-duty toolbox,200031,500079,300553,Toolbox,349.35,8
Used - Good,Rechargeable LED flashlight,200078,500001,300554,LED Flashlight,2989.53,15
Refurbished,Modern minimalist watch,200033,500011,300555,Minimalist Watch,952.44,8
Pre-Owned,Wireless charging pad,200153,500120,300556,Wireless Charging Pad,1337.36,18
Pre-Owned,Durable yoga mat,200271,500142,300557,Yoga Mat,139.84,15
Pre-Owned,Trendy canvas tote bag,200390,500254,300558,Canvas Tote Bag,1831.87,19
Pre-Owned,Waterproof fitness tracker,200006,500053,300559,Fitness Tracker,2211.59,10
Refurbished,High-speed external hard drive,200333,500146,300560,External Hard Drive,335.34,16
Open Box,Elegant wine decanter,200343,500235,300561,Wine Decanter,2750.47,8
Used - Acceptable,Advanced electric toothbrush,200747,500027,300562,Electric Toothbrush,2523.55,16
Refurbished,Energy-efficient LED bulb,200309,500197,300563,LED Bulb,60.90,3
Used - Acceptable,Double-walled coffee mug,200735,500012,300564,Coffee Mug,1362.49,5
Pre-Owned,Versatile air fryer,200002,500064,300565,Air Fryer,968.68,15
Pre-Owned,Adjustable dumbbells set,200678,500124,300566,Dumbbells,1110.97,1
Used - Acceptable,Classic analog wristwatch,200439,500212,300567,Analog Watch,1510.50,10
New,Multi-functional survival knife,200689,500115,300568,Survival Knife,2911.06,12
Used - Acceptable,Convenient portable grill,200794,500183,300569,Portable Grill,2340.14,19
New,Efficient vacuum cleaner,200396,500168,300570,Vacuum Cleaner,2094.32,12
Used - Like New,Compact first aid kit,200394,500199,300571,First Aid Kit,2495.04,14
Used - Very Good,High-definition action camera,200799,500232,300572,Action Camera,234.86,20
Used - Like New,Comfortable running shoes,200002,500253,300573,Running Shoes,1536.88,9
Certified Refurbished,Foldable camping chair,200651,500273,300574,Camping Chair,2935.73,6
Used - Acceptable,Noise-isolating earbuds,200439,500120,300575,Noise-Isolating Earbuds,52.32,19
Used - Very Good,Advanced smartwatch,200016,500029,300576,Smartwatch,2705.14,2
Used - Acceptable,Stylish leather journal,200039,500209,300577,Leather Journal,128.59,5
Used - Good,Durable travel mug,200269,500269,300578,Travel Mug,596.97,2
Open Box,Soft plush throw blanket,200748,500253,300579,Plush Throw Blanket,1398.14,2
Certified Refurbished,Elegant crystal chandelier,200340,500193,300580,Crystal Chandelier,1452.67,7
Used - Like New,Portable car jump starter,200740,500001,300581,Car Jump Starter,1022.41,19
Open Box,Heavy-duty garden hose,200716,500146,300582,Garden Hose,1999.71,13
Certified Refurbished,Adjustable desk lamp,200513,500103,300583,Desk Lamp,1419.38,4
Refurbished,Sophisticated perfume set,200134,500163,300584,Perfume Set,307.25,2
Pre-Owned,Waterproof phone case,200007,500284,300585,Phone Case,261.71,2
Used - Very Good,Ergonomic bike seat,200273,500211,300586,Bike Seat,1579.11,1
New,Minimalist wall clock,200015,500087,300587,Wall Clock,785.08,4
Pre-Owned,Anti-theft laptop backpack,200676,500069,300588,Laptop Backpack,1557.90,3
Used - Acceptable,Precision kitchen scale,200367,500032,300589,Kitchen Scale,606.54,12
Certified Refurbished,Premium wireless earbuds,200404,500127,300590,Wireless Earbuds,2238.69,18
Refurbished,High-speed blender,200502,500127,300591,Blender,817.66,10
Used - Like New,Versatile toolset,200723,500122,300592,Toolset,2467.03,5
Open Box,Multi-purpose folding table,200168,500081,300593,Folding Table,2403.09,17
Used - Acceptable,Adjustable standing desk,200483,500128,300594,Standing Desk,2069.59,13
New,Compact sewing machine,200105,500057,300595,Sewing Machine,1500.90,3
Open Box,Advanced hair straightener,200492,500048,300596,Hair Straightener,687.97,12
Used - Acceptable,Multi-functional printer,200180,500008,300597,Printer,2615.04,11
New,Rechargeable hand warmer,200794,500148,300598,Hand Warmer,2205.87,11
New,Collapsible pet carrier,200513,500258,300599,Pet Carrier,59.35,10
Certified Refurbished,Digital kitchen timer,200453,500067,300600,Kitchen Timer,1027.25,17
Used - Like New,Stainless steel kitchen tongs,200576,500264,300601,Kitchen Tongs,930.12,8
Used - Good,Lightweight sleeping bag,200087,500127,300602,Sleeping Bag,2972.88,19
Used - Very Good,Premium cast iron skillet,200127,500255,300603,Cast Iron Skillet,788.81,6
Used - Like New,Durable cargo pants,200235,500112,300604,Cargo Pants,2286.70,13
Used - Like New,Luxurious bathrobe,200625,500139,300605,Bathrobe,873.67,3
Pre-Owned,Travel-sized toiletries kit,200261,500280,300606,Toiletries Kit,2808.45,18
Pre-Owned,Heavy-duty bike lock,200439,500215,300607,Bike Lock,1417.03,4
New,Portable camping stove,200382,500001,300608,Camping Stove,2945.76,10
Refurbished,Advanced car vacuum cleaner,200508,500177,300609,Car Vacuum,605.11,16
New,Compact coffee grinder,200322,500223,300610,Coffee Grinder,907.10,1
Pre-Owned,Elegant tea set,200324,500195,300611,Tea Set,1718.20,9
Certified Refurbished,Modern smartphone stand,200107,500245,300612,Smartphone Stand,1967.64,9
Open Box,Reusable food storage bags,200717,500265,300613,Food Storage Bags,2159.66,11
Used - Very Good,Premium quality umbrella,200333,500237,300614,Umbrella,1002.75,12
New,Ultra-light hiking tent,200437,500038,300615,Hiking Tent,1733.01,16
Open Box,Stylish beach hat,200772,500174,300616,Beach Hat,638.48,4
Used - Good,Durable work gloves,200782,500289,300617,Work Gloves,1154.10,2
Used - Good,Advanced video doorbell,200479,500287,300618,Video Doorbell,1783.18,6
Certified Refurbished,Space-saving shoe organizer,200476,500023,300619,Shoe Organizer,2536.16,6
Used - Good,Portable electric kettle,200671,500106,300620,Electric Kettle,2326.95,10
Certified Refurbished,Soft sherpa fleece blanket,200510,500194,300621,Sherpa Fleece Blanket,337.65,8
Used - Good,Sophisticated whiskey glasses,200015,500165,300622,Whiskey Glasses,1524.00,10
Refurbished,Eco-friendly reusable straws,200545,500085,300623,Reusable Straws,2145.77,10
Used - Like New,Lightweight portable hammock,200598,500138,300624,Portable Hammock,2232.02,3
Open Box,Minimalist desk organizer,200620,500280,300625,Desk Organizer,911.03,16
Used - Good,Advanced robotic vacuum,200621,500225,300626,Robotic Vacuum,341.61,2
Open Box,Sturdy wall-mounted shelf,200466,500264,300627,Wall Shelf,2767.92,6
Open Box,Portable projector,200686,500117,300628,Portable Projector,528.15,19
Used - Like New,Soft travel neck pillow,200558,500066,300629,Travel Neck Pillow,636.42,5
Used - Good,Foldable picnic blanket,200668,500069,300630,Picnic Blanket,1230.78,3
Open Box,Digital meat thermometer,200390,500204,300631,Meat Thermometer,2854.03,18
Used - Like New,Rechargeable book light,200502,500159,300632,Book Light,1847.18,3
Used - Acceptable,Elegant leather handbag,200004,500265,300633,Leather Handbag,1502.07,7
Pre-Owned,Durable hiking boots,200712,500132,300634,Hiking Boots,1227.88,13
Pre-Owned,Comfortable wool socks,200002,500278,300635,Wool Socks,1025.42,4
Used - Acceptable,Stylish denim jacket,200019,500083,300636,Denim Jacket,2496.42,5
Used - Very Good,Compact photo printer,200063,500015,300637,Photo Printer,2779.28,7
New,Adjustable resistance bands,200400,500183,300638,Resistance Bands,1934.17,15
Used - Acceptable,Premium cotton duvet cover,200149,500067,300639,Cotton Duvet Cover,842.08,16
Refurbished,Versatile multi-tool,200281,500223,300640,Multi-Tool,72.97,10
Open Box,Modern floor lamp,200040,500113,300641,Floor Lamp,1491.03,12
Open Box,Luxurious cashmere scarf,200157,500009,300642,Cashmere Scarf,2130.30,4
New,Portable espresso machine,200239,500178,300643,Espresso Machine,2818.37,17
Open Box,Waterproof action camera,200069,500173,300644,Action Camera,1914.82,6
Refurbished,Compact air purifier,200768,500246,300645,Air Purifier,1655.76,19
Used - Good,Durable bike helmet,200474,500257,300646,Bike Helmet,539.91,6
Used - Acceptable,Soft bamboo sheets,200193,500072,300647,Bamboo Sheets,1495.84,2
Certified Refurbished,High-performance gym bag,200360,500292,300648,Gym Bag,2681.08,11
Pre-Owned,Advanced hair dryer,200642,500036,300649,Hair Dryer,2437.05,8
Open Box,Energy-efficient space heater,200673,500024,300650,Space Heater,546.61,5
Certified Refurbished,Sophisticated cocktail shaker,200144,500180,300651,Cocktail Shaker,826.97,15
Used - Like New,Eco-friendly laundry detergent,200348,500088,300652,Laundry Detergent,2530.18,2
Open Box,Durable BBQ grill cover,200684,500185,300653,BBQ Grill Cover,1141.43,18
Open Box,Compact spice rack,200093,500260,300654,Spice Rack,311.59,1
Used - Good,Stylish patio furniture,200043,500296,300655,Patio Furniture,238.67,14
Used - Acceptable,Premium soundbar speaker,200538,500017,300656,Soundbar,2225.78,12
Certified Refurbished,Advanced pet grooming kit,200258,500171,300657,Pet Grooming Kit,2175.95,12
Used - Good,High-quality baby stroller,200561,500132,300658,Baby Stroller,1939.65,7
Used - Acceptable,Elegant dining table set,200615,500145,300659,Dining Table Set,972.66,14
Open Box,Soft organic baby blanket,200511,500061,300660,Baby Blanket,569.47,8
Certified Refurbished,Lightweight power drill,200171,500183,300661,Power Drill,2820.57,11
Used - Like New,Heavy-duty dog leash,200228,500203,300662,Dog Leash,2737.98,16
Open Box,Minimalist table clock,200027,500148,300663,Table Clock,85.64,13
Refurbished,Advanced gaming keyboard,200589,500096,300664,Gaming Keyboard,1618.31,5
Pre-Owned,Foldable treadmill,200737,500084,300665,Treadmill,2025.90,10
Refurbished,Multi-functional waffle maker,200296,500042,300666,Waffle Maker,2597.24,13
Used - Good,Premium travel pillow,200798,500149,300667,Travel Pillow,750.02,16
Pre-Owned,Durable outdoor jacket,200799,500251,300668,Outdoor Jacket,82.97,17
Used - Acceptable,Adjustable TV wall mount,200357,500189,300669,TV Wall Mount,1149.33,13
Used - Good,Waterproof travel bag,200325,500254,300670,Travel Bag,107.46,1
Used - Acceptable,High-speed internet router,200799,500098,300671,Internet Router,865.78,4
Refurbished,Space-saving closet organizer,200227,500255,300672,Closet Organizer,1258.11,19
Refurbished,Advanced sewing kit,200791,500276,300673,Sewing Kit,2637.39,11
Refurbished,Modern ergonomic sofa,200625,500237,300674,Ergonomic Sofa,861.64,9
Certified Refurbished,Luxurious showerhead,200718,500069,300675,Showerhead,222.33,15
Pre-Owned,Durable cooler bag,200537,500155,300676,Cooler Bag,2464.23,17
Open Box,Elegant bathroom mirror,200452,500003,300677,Bathroom Mirror,456.40,14
Open Box,Premium leather briefcase,200587,500289,300678,Leather Briefcase,1423.69,6
Used - Like New,Comfortable hiking sandals,200591,500096,300679,Hiking Sandals,1021.44,13
Certified Refurbished,Soft wool blanket,200792,500114,300680,Wool Blanket,2955.19,15
New,Portable massage gun,200217,500113,300681,Massage Gun,2939.68,12
Used - Good,Rechargeable lantern,200642,500234,300682,Lantern,2187.58,5
Used - Very Good,Sophisticated wine opener,200375,500183,300683,Wine Opener,2933.99,19
Open Box,Adjustable book stand,200445,500029,300684,Book Stand,874.38,4
Open Box,Premium stainless steel straws,200092,500287,300685,Stainless Steel Straws,1725.34,15
Certified Refurbished,Lightweight trekking poles,200403,500125,300686,Trekking Poles,2098.07,11
Pre-Owned,Versatile garment steamer,200132,500117,300687,Garment Steamer,1177.44,1
Used - Like New,High-quality bread machine,200528,500234,300688,Bread Machine,2481.01,17
Open Box,Durable camping table,200247,500002,300689,Camping Table,634.49,1
Used - Very Good,Elegant table lamp,200025,500081,300690,Table Lamp,2773.62,7
Used - Like New,Portable laptop desk,200321,500153,300691,Laptop Desk,57.85,11
Used - Good,Premium pet bed,200013,500098,300692,Pet Bed,676.08,18
New,Soft weighted blanket,200187,500103,300693,Weighted Blanket,1838.05,11
New,Compact portable fan,200467,500031,300694,Portable Fan,849.13,11
Used - Good,Waterproof Bluetooth speaker,200737,500103,300695,Bluetooth Speaker,1404.75,20
Pre-Owned,Energy-efficient air conditioner,200481,500062,300696,Air Conditioner,402.35,11
Used - Like New,Minimalist bedside table,200093,500010,300697,Bedside Table,2486.40,8
New,Adjustable bed frame,200543,500076,300698,Bed Frame,2555.27,19
Refurbished,Space-saving laundry basket,200035,500243,300699,Laundry Basket,2035.49,13
Used - Like New,Advanced power inverter,200314,500261,300700,Power Inverter,2507.01,16
Used - Very Good,Heavy-duty snow shovel,200448,500165,300701,Snow Shovel,2776.31,14
Pre-Owned,Comfortable sleeping pad,200794,500265,300702,Sleeping Pad,1365.09,12
Used - Very Good,Luxurious face moisturizer,200583,500227,300703,Face Moisturizer,2048.84,1
Used - Like New,Versatile folding bike,200554,500187,300704,Folding Bike,2793.42,12
Certified Refurbished,High-quality juicer,200782,500100,300705,Juicer,2398.10,14
Used - Like New,Stylish leather phone case,200705,500232,300706,Phone Case,400.16,11
Used - Very Good,Compact makeup mirror,200001,500101,300707,Makeup Mirror,2261.18,10
Pre-Owned,Durable hiking backpack,200457,500061,300708,Hiking Backpack,1356.80,2
Used - Good,Lightweight garden pruner,200368,500251,300709,Garden Pruner,1401.73,8
Used - Like New,Advanced home security camera,200307,500276,300710,Home Security Camera,1338.50,11
Refurbished,Minimalist floating shelf,200159,500292,300711,Floating Shelf,696.14,13
New,Premium smart thermostat,200093,500124,300712,Smart Thermostat,1468.09,11
New,Soft merino wool sweater,200262,500052,300713,Wool Sweater,2218.94,12
Used - Very Good,Portable induction cooktop,200141,500082,300714,Induction Cooktop,2147.54,3
Refurbished,Adjustable baby carrier,200643,500174,300715,Baby Carrier,1930.10,3
New,Stylish leather belt,200623,500032,300716,Leather Belt,1891.73,15
Certified Refurbished,Rechargeable hand blender,200140,500099,300717,Hand Blender,670.84,12
Certified Refurbished,Durable running shoes,200255,500063,300718,Running Shoes,1709.58,4
Used - Very Good,Waterproof camera case,200372,500231,300719,Camera Case,817.61,6
Used - Acceptable,Elegant crystal wine glasses,200570,500079,300720,Crystal Wine Glasses,171.42,10
Used - Acceptable,Comfortable bean bag chair,200708,500243,300721,Bean Bag Chair,414.56,8
Used - Good,Sophisticated dinnerware set,200604,500080,300722,Dinnerware Set,1386.92,6
Certified Refurbished,Compact tool organizer,200327,500241,300723,Tool Organizer,570.02,1
Used - Acceptable,High-speed electric scooter,200707,500000,300724,Electric Scooter,2788.47,6
Used - Acceptable,Advanced programmable coffee maker,200064,500169,300725,Coffee Maker,2426.24,9
Open Box,Premium glass storage containers,200651,500129,300726,Storage Containers,1450.11,7
Used - Very Good,Lightweight travel backpack,200363,500221,300727,Travel Backpack,54.99,5
New,Minimalist desktop clock,200584,500146,300728,Desktop Clock,121.68,5
New,Foldable yoga mat,200353,500224,300729,Yoga Mat,2481.70,9
Open Box,Durable camping tent,200167,500108,300730,Camping Tent,37.38,10
Used - Good,Portable solar charger,200063,500258,300731,Solar Charger,763.12,19
Used - Like New,Soft flannel sheets,200745,500238,300732,Flannel Sheets,294.48,5
Used - Like New,Adjustable shower caddy,200353,500208,300733,Shower Caddy,2996.33,10
Certified Refurbished,Heavy-duty storage box,200453,500235,300734,Storage Box,916.84,8
Used - Acceptable,Stylish wool fedora,200401,500252,300735,Wool Fedora,2027.90,13
Certified Refurbished,High-quality garden gloves,200473,500056,300736,Garden Gloves,697.99,6
Used - Acceptable,Eco-friendly compost bin,200387,500030,300737,Compost Bin,1601.81,18
Refurbished,Elegant silver bracelet,200646,500000,300738,Silver Bracelet,1313.66,17
Refurbished,Portable handheld vacuum,200192,500000,300739,Handheld Vacuum,1412.55,11
New,Waterproof bike panniers,200782,500211,300740,Bike Panniers,1554.52,1
Certified Refurbished,Comfortable lounge chair,200284,500090,300741,Lounge Chair,863.95,4
Certified Refurbished,Premium silk pillowcase,200555,500111,300742,Silk Pillowcase,2994.42,10
Used - Acceptable,Compact air mattress,200167,500008,300743,Air Mattress,614.78,17
Refurbished,Versatile camping lantern,200042,500196,300744,Camping Lantern,2349.15,2
Used - Good,Advanced fitness tracker,200335,500291,300745,Fitness Tracker,2982.77,4
Refurbished,Durable garden rake,200442,500178,300746,Garden Rake,1419.27,19
New,Modern home theater system,200213,500162,300747,Home Theater System,2469.96,14
Pre-Owned,Lightweight utility cart,200390,500109,300748,Utility Cart,2098.24,15
Used - Acceptable,Adjustable pet gate,200110,500157,300749,Pet Gate,1815.50,19
Used - Very Good,Elegant pearl necklace,200087,500264,300750,Pearl Necklace,2239.23,11
New,High-speed USB hub,200293,500175,300751,USB Hub,1213.18,17
Pre-Owned,Premium Bluetooth soundbar,200202,500205,300752,Bluetooth Soundbar,618.04,1
Certified Refurbished,Stylish leather gloves,200298,500132,300753,Leather Gloves,2927.77,17
Used - Good,Heavy-duty extension cord,200466,500273,300754,Extension Cord,1482.01,7
Used - Acceptable,Portable picnic cooler,200170,500132,300755,Picnic Cooler,1473.03,20
Used - Good,Sophisticated travel wallet,200721,500138,300756,Travel Wallet,901.12,20
Used - Acceptable,Lightweight stroller,200015,500066,300757,Stroller,2360.87,14
Used - Acceptable,Durable pet playpen,200394,500152,300758,Pet Playpen,1553.75,13
Used - Like New,Compact tool belt,200375,500283,300759,Tool Belt,2477.66,9
New,Luxurious facial cleanser,200017,500296,300760,Facial Cleanser,706.37,18
Used - Like New,Waterproof hiking shoes,200126,500233,300761,Hiking Shoes,2486.11,18
New,Space-saving drying rack,200203,500171,300762,Drying Rack,425.08,18
Used - Acceptable,Advanced smart door lock,200101,500240,300763,Smart Door Lock,852.99,19
Refurbished,Soft hypoallergenic comforter,200094,500138,300764,Comforter,826.77,18
Used - Like New,Portable water filter,200783,500044,300765,Water Filter,176.40,17
Used - Very Good,High-quality dog bed,200183,500180,300766,Dog Bed,2071.96,7
New,Modern cordless vacuum,200526,500097,300767,Cordless Vacuum,2170.10,11
Used - Very Good,Comfortable walking shoes,200038,500202,300768,Walking Shoes,1900.36,11
Used - Good,Elegant copper cookware,200285,500041,300769,Copper Cookware,2179.67,15
Certified Refurbished,Minimalist photo frame,200712,500117,300770,Photo Frame,1245.57,6
Pre-Owned,Durable weatherproof jacket,200281,500224,300771,Weatherproof Jacket,1763.65,11
Used - Like New,Versatile multi-cooker,200031,500053,300772,Multi-Cooker,2740.75,7
Used - Very Good,Adjustable dumbbell set,200016,500214,300773,Dumbbell Set,1423.97,20
New,Premium herbal tea sampler,200592,500261,300774,Herbal Tea Sampler,1559.11,13
Certified Refurbished,Stylish ceramic flower pot,200741,500265,300775,Ceramic Flower Pot,1694.13,6
Refurbished,Compact gaming monitor,200190,500123,300776,Gaming Monitor,2829.88,4
Used - Very Good,Lightweight workout leggings,200334,500239,300777,Workout Leggings,655.65,10
Refurbished,Foldable laundry hamper,200198,500193,300778,Laundry Hamper,493.34,5
Pre-Owned,Advanced gaming headset,200694,500018,300779,Gaming Headset,642.31,14
Used - Good,Heavy-duty pressure washer,200114,500182,300780,Pressure Washer,1074.25,5
New,Comfortable armchair,200096,500180,300781,Armchair,2218.25,18
Used - Very Good,Sophisticated home decor set,200690,500271,300782,Home Decor Set,1380.32,4
Pre-Owned,Portable air compressor,200625,500157,300783,Air Compressor,954.68,18
Used - Acceptable,Premium hot sauce collection,200641,500126,300784,Hot Sauce Collection,876.78,19
Pre-Owned,Durable bike repair kit,200615,500282,300785,Bike Repair Kit,1193.13,15
Used - Good,Modern digital picture frame,200595,500286,300786,Digital Picture Frame,2048.19,11
Refurbished,Waterproof dry bag,200269,500020,300787,Dry Bag,716.46,17
New,High-speed travel charger,200459,500147,300788,Travel Charger,1013.60,5
New,Minimalist bedside organizer,200374,500124,300789,Bedside Organizer,2995.29,1
Certified Refurbished,Lightweight portable canopy,200604,500261,300790,Portable Canopy,80.38,9
New,Adjustable storage shelving,200426,500082,300791,Storage Shelving,272.18,1
Used - Acceptable,Eco-friendly glass water bottle,200307,500163,300792,Glass Water Bottle,2634.55,4
New,Sophisticated cocktail mixer,200381,500149,300793,Cocktail Mixer,2460.98,13
Refurbished,Compact shoe rack,200278,500077,300794,Shoe Rack,501.83,19
Used - Very Good,Heavy-duty power washer,200240,500106,300795,Power Washer,1633.22,20
Used - Good,Durable garden kneeler,200576,500024,300796,Garden Kneeler,1438.48,17
Used - Like New,Stylish winter coat,200444,500045,300797,Winter Coat,133.99,16
Used - Like New,High-quality leather wallet,200646,500274,300798,Leather Wallet,2734.95,6
Used - Very Good,Durable hiking backpack,200054,500286,300799,Hiking Backpack,834.45,19
Certified Refurbished,Noise-cancelling headphones,200225,500043,300800,Noise-Cancelling Headphones,2001.14,13
Used - Like New,Soft cotton T-shirt,200147,500161,300801,Cotton T-Shirt,310.39,6
Used - Acceptable,Sleek stainless steel water bottle,200289,500261,300802,Stainless Steel Water Bottle,1410.00,10
Certified Refurbished,Compact Bluetooth speaker,200041,500148,300803,Bluetooth Speaker,441.19,7
Used - Acceptable,Lightweight travel suitcase,200240,500086,300804,Travel Suitcase,1777.58,10
Open Box,Premium organic coffee beans,200084,500150,300805,Organic Coffee Beans,1582.40,16
Certified Refurbished,Comfortable memory foam pillow,200692,500223,300806,Memory Foam Pillow,149.07,8
Used - Good,Stylish wooden sunglasses,200614,500112,300807,Wooden Sunglasses,807.65,10
Refurbished,Portable power bank,200442,500094,300808,Portable Power Bank,1787.46,8
Used - Very Good,Ultra-soft bath towel,200765,500246,300809,Bath Towel,2715.67,5
Used - Very Good,Elegant ceramic vase,200551,500036,300810,Ceramic Vase,1906.09,10
Used - Very Good,Adjustable laptop stand,200164,500180,300811,Laptop Stand,2158.72,17
Used - Very Good,Versatile chef’s knife,200193,500244,300812,Chef’s Knife,2875.75,13
Open Box,Compact digital camera,200426,500185,300813,Digital Camera,2093.75,4
Used - Very Good,Durable stainless steel frying pan,200760,500068,300814,Stainless Steel Frying Pan,300.56,4
New,Eco-friendly bamboo toothbrush,200044,500118,300815,Bamboo Toothbrush,44.36,16
Used - Acceptable,High-performance gaming mouse,200207,500120,300816,Gaming Mouse,1800.56,17
Certified Refurbished,Ergonomic office chair,200375,500243,300817,Office Chair,392.62,20
New,Luxurious silk bedsheets,200133,500158,300818,Silk Bedsheets,1882.65,13
Open Box,Heavy-duty toolbox,200473,500268,300819,Toolbox,2808.74,4
Refurbished,Rechargeable LED flashlight,200720,500142,300820,LED Flashlight,252.40,9
Used - Very Good,Modern minimalist watch,200462,500047,300821,Minimalist Watch,1129.08,8
Open Box,Wireless charging pad,200746,500288,300822,Wireless Charging Pad,446.60,2
Used - Like New,Durable yoga mat,200585,500279,300823,Yoga Mat,1608.85,15
Refurbished,Trendy canvas tote bag,200426,500205,300824,Canvas Tote Bag,2405.15,9
Used - Very Good,Waterproof fitness tracker,200185,500176,300825,Fitness Tracker,1809.11,5
Open Box,High-speed external hard drive,200584,500106,300826,External Hard Drive,1200.62,20
Used - Acceptable,Elegant wine decanter,200545,500034,300827,Wine Decanter,1010.19,1
Certified Refurbished,Advanced electric toothbrush,200343,500145,300828,Electric Toothbrush,200.88,2
Used - Acceptable,Energy-efficient LED bulb,200660,500155,300829,LED Bulb,822.67,6
Pre-Owned,Double-walled coffee mug,200468,500019,300830,Coffee Mug,403.04,18
Refurbished,Versatile air fryer,200142,500180,300831,Air Fryer,717.51,10
Pre-Owned,Adjustable dumbbells set,200284,500048,300832,Dumbbells,411.42,16
Used - Like New,Classic analog wristwatch,200579,500161,300833,Analog Watch,1271.72,12
New,Multi-functional survival knife,200103,500175,300834,Survival Knife,997.36,3
Used - Acceptable,Convenient portable grill,200041,500114,300835,Portable Grill,1458.07,17
New,Efficient vacuum cleaner,200033,500177,300836,Vacuum Cleaner,2150.17,17
Used - Like New,Compact first aid kit,200442,500232,300837,First Aid Kit,2305.16,7
Used - Acceptable,High-definition action camera,200156,500005,300838,Action Camera,1169.69,13
Used - Acceptable,Comfortable running shoes,200764,500095,300839,Running Shoes,887.80,15
Used - Acceptable,Foldable camping chair,200355,500206,300840,Camping Chair,1060.96,7
Used - Good,Noise-isolating earbuds,200659,500245,300841,Noise-Isolating Earbuds,723.39,8
Used - Acceptable,Advanced smartwatch,200783,500190,300842,Smartwatch,1396.69,9
Refurbished,Stylish leather journal,200758,500109,300843,Leather Journal,1041.47,10
Used - Very Good,Durable travel mug,200383,500182,300844,Travel Mug,2257.92,16
Certified Refurbished,Soft plush throw blanket,200738,500187,300845,Plush Throw Blanket,1095.93,17
Used - Like New,Elegant crystal chandelier,200736,500191,300846,Crystal Chandelier,2842.19,2
Open Box,Portable car jump starter,200670,500226,300847,Car Jump Starter,2156.82,17
Pre-Owned,Heavy-duty garden hose,200348,500176,300848,Garden Hose,1098.26,13
Pre-Owned,Adjustable desk lamp,200321,500201,300849,Desk Lamp,2784.58,9
Used - Like New,Sophisticated perfume set,200212,500293,300850,Perfume Set,1585.02,11
Used - Very Good,Waterproof phone case,200770,500080,300851,Phone Case,2485.29,16
New,Ergonomic bike seat,200279,500106,300852,Bike Seat,396.87,15
Used - Very Good,Minimalist wall clock,200076,500032,300853,Wall Clock,855.36,8
New,Anti-theft laptop backpack,200672,500222,300854,Laptop Backpack,1540.52,8
Used - Very Good,Precision kitchen scale,200694,500086,300855,Kitchen Scale,1508.08,13
New,Premium wireless earbuds,200063,500212,300856,Wireless Earbuds,2115.30,4
Certified Refurbished,High-speed blender,200328,500037,300857,Blender,2062.21,15
Used - Good,Versatile toolset,200413,500277,300858,Toolset,1781.33,9
Used - Acceptable,Multi-purpose folding table,200202,500122,300859,Folding Table,2957.66,9
New,Adjustable standing desk,200200,500030,300860,Standing Desk,1126.31,6
Open Box,Compact sewing machine,200521,500205,300861,Sewing Machine,2468.89,10
Used - Acceptable,Advanced hair straightener,200660,500103,300862,Hair Straightener,1652.84,16
New,Multi-functional printer,200598,500247,300863,Printer,2940.10,5
Used - Good,Rechargeable hand warmer,200791,500229,300864,Hand Warmer,614.71,3
Certified Refurbished,Collapsible pet carrier,200592,500277,300865,Pet Carrier,2950.87,1
Refurbished,Digital kitchen timer,200376,500030,300866,Kitchen Timer,1390.04,4
Used - Like New,Stainless steel kitchen tongs,200172,500053,300867,Kitchen Tongs,907.03,15
Used - Like New,Lightweight sleeping bag,200352,500210,300868,Sleeping Bag,1122.15,15
New,Premium cast iron skillet,200541,500132,300869,Cast Iron Skillet,2056.61,14
Used - Very Good,Durable cargo pants,200673,500052,300870,Cargo Pants,1316.50,11
Used - Good,Luxurious bathrobe,200794,500134,300871,Bathrobe,1656.89,20
Used - Acceptable,Travel-sized toiletries kit,200041,500089,300872,Toiletries Kit,2805.36,20
Used - Like New,Heavy-duty bike lock,200748,500288,300873,Bike Lock,2494.23,17
Refurbished,Portable camping stove,200359,500170,300874,Camping Stove,1350.40,1
Pre-Owned,Advanced car vacuum cleaner,200211,500015,300875,Car Vacuum,273.23,19
Used - Acceptable,Compact coffee grinder,200011,500204,300876,Coffee Grinder,2179.96,7
Used - Good,Elegant tea set,200743,500177,300877,Tea Set,2156.39,18
Certified Refurbished,Modern smartphone stand,200210,500094,300878,Smartphone Stand,270.11,20
Certified Refurbished,Reusable food storage bags,200715,500040,300879,Food Storage Bags,1139.27,10
Used - Good,Premium quality umbrella,200652,500043,300880,Umbrella,324.66,4
Pre-Owned,Ultra-light hiking tent,200531,500195,300881,Hiking Tent,1870.02,15
Used - Acceptable,Stylish beach hat,200058,500008,300882,Beach Hat,2987.10,6
Certified Refurbished,Durable work gloves,200660,500292,300883,Work Gloves,2674.04,15
Used - Very Good,Advanced video doorbell,200552,500168,300884,Video Doorbell,1981.08,15
Used - Good,Space-saving shoe organizer,200765,500225,300885,Shoe Organizer,2928.22,4
New,Portable electric kettle,200250,500043,300886,Electric Kettle,2675.14,5
Used - Acceptable,Soft sherpa fleece blanket,200651,500222,300887,Sherpa Fleece Blanket,2801.67,12
Used - Like New,Sophisticated whiskey glasses,200703,500275,300888,Whiskey Glasses,1326.74,11
New,Eco-friendly reusable straws,200463,500044,300889,Reusable Straws,544.83,9
New,Lightweight portable hammock,200263,500090,300890,Portable Hammock,2983.22,6
Pre-Owned,Minimalist desk organizer,200419,500022,300891,Desk Organizer,1357.26,19
Open Box,Advanced robotic vacuum,200322,500165,300892,Robotic Vacuum,351.59,17
Used - Good,Sturdy wall-mounted shelf,200748,500216,300893,Wall Shelf,2546.90,12
Pre-Owned,Portable projector,200739,500298,300894,Portable Projector,1519.87,5
Open Box,Soft travel neck pillow,200414,500114,300895,Travel Neck Pillow,224.56,19
Used - Good,Foldable picnic blanket,200294,500075,300896,Picnic Blanket,1980.89,15
Used - Acceptable,Digital meat thermometer,200240,500156,300897,Meat Thermometer,2760.01,5
Pre-Owned,Rechargeable book light,200483,500021,300898,Book Light,2347.79,17
New,Elegant leather handbag,200385,500222,300899,Leather Handbag,13.28,13
